{
  "bot_states": [
    {
      "ID": 0,
      "direction": 5.9293529865875811,
      "state": {},
      "x_position": -342.37234739466669,
      "y_position": 29.312164100914934
    }
  ],
  "ticks": 49
}