{
  "bot_states": [
    {
      "ID": 0,
      "direction": 4.4603989303419267,
      "state": {},
      "x_position": -18.984866271875308,
      "y_position": -21.658611519862827
    },
    {
      "ID": 1,
      "direction": 4.4753693252032543,
      "state": {},
      "x_position": -151.26583938222731,
      "y_position": -15.762894422387367
    }
  ],
  "ticks": 6506
}