{
  "bot_states": [
    {
      "ID": 0,
      "direction": 2.1309631545745877,
      "state": {},
      "x_position": 360.3142559541057,
      "y_position": -247.94933829339658
    },
    {
      "ID": 1,
      "direction": 4.8926038221225774,
      "state": {},
      "x_position": 338.84197385958186,
      "y_position": -210.28495253598089
    }
  ],
  "ticks": 573
}