{
  "bot_states": [
    {
      "ID": 0,
      "direction": 4.3307483422173831,
      "state": {},
      "x_position": 299.04665393145297,
      "y_position": -50.797073102367818
    }
  ],
  "ticks": 57
}