{
  "bot_states": [
    {
      "ID": 0,
      "direction": -0.28435689544950637,
      "state": {},
      "x_position": 437.99809838599901,
      "y_position": 1651.3679879214237
    }
  ],
  "ticks": 8973
}