{
  "bot_states": [
    {
      "ID": 0,
      "direction": 10.550407332052037,
      "state": {},
      "x_position": 6.4024088219331503,
      "y_position": -116.58543666058955
    },
    {
      "ID": 1,
      "direction": 1.7163603805707792,
      "state": {},
      "x_position": 222.23388681430734,
      "y_position": -124.21117168370533
    }
  ],
  "ticks": 13757
}