{
  "bot_states": [
    {
      "ID": 0,
      "direction": 1.9978833928454849,
      "state": {},
      "x_position": 286.0,
      "y_position": 193.0
    },
    {
      "ID": 1,
      "direction": 5.0169562260933738,
      "state": {},
      "x_position": 117.66240994048579,
      "y_position": 320.08682212208663
    }
  ],
  "ticks": 11295
}