{
  "bot_states": [
    {
      "ID": 0,
      "direction": 3.6592688502069999,
      "state": {},
      "x_position": -76.657856567550709,
      "y_position": 286.20335487750941
    },
    {
      "ID": 1,
      "direction": -0.0053504984943743162,
      "state": {},
      "x_position": 88.66907924234232,
      "y_position": 516.58477729933895
    }
  ],
  "ticks": 47469
}